{
  "transcript": "Der \"Reichssender M\u00fcnchen\" geh\u00f6rte damit dem Gro\u00dfdeutschen Rundfunk an.",
  "words": [
    {
      "case": "not-found-in-audio",
      "endOffset": 3,
      "startOffset": 0,
      "word": "Der"
    },
    {
      "case": "not-found-in-audio",
      "endOffset": 17,
      "startOffset": 5,
      "word": "Reichssender"
    },
    {
      "case": "not-found-in-audio",
      "endOffset": 25,
      "startOffset": 18,
      "word": "M\u00fcnchen"
    },
    {
      "case": "not-found-in-audio",
      "endOffset": 34,
      "startOffset": 27,
      "word": "geh\u00f6rte"
    },
    {
      "case": "not-found-in-audio",
      "endOffset": 40,
      "startOffset": 35,
      "word": "damit"
    },
    {
      "case": "not-found-in-audio",
      "endOffset": 44,
      "startOffset": 41,
      "word": "dem"
    },
    {
      "alignedWord": "<unk>",
      "case": "success",
      "end": 0.87,
      "endOffset": 58,
      "phones": [
        {
          "duration": 0.13,
          "phone": "oov_S"
        }
      ],
      "start": 0.74,
      "startOffset": 45,
      "word": "Gro\u00dfdeutschen"
    },
    {
      "alignedWord": "<unk>",
      "case": "success",
      "end": 1.9,
      "endOffset": 67,
      "phones": [
        {
          "duration": 0.96,
          "phone": "oov_S"
        }
      ],
      "start": 0.94,
      "startOffset": 59,
      "word": "Rundfunk"
    },
    {
      "alignedWord": "an",
      "case": "success",
      "end": 2.01,
      "endOffset": 70,
      "phones": [
        {
          "duration": 0.01,
          "phone": "ah_B"
        },
        {
          "duration": 0.1,
          "phone": "n_E"
        }
      ],
      "start": 1.9,
      "startOffset": 68,
      "word": "an"
    },
    {
      "case": "not-found-in-transcript",
      "end": 3.7600000000000002,
      "phones": [
        {
          "duration": 0.01,
          "phone": "ah_B"
        },
        {
          "duration": 0.11,
          "phone": "m_E"
        }
      ],
      "start": 3.64,
      "word": "um"
    },
    {
      "case": "not-found-in-transcript",
      "end": 4.35,
      "phones": [
        {
          "duration": 0.06,
          "phone": "ah_B"
        },
        {
          "duration": 0.25,
          "phone": "m_E"
        }
      ],
      "start": 4.04,
      "word": "um"
    }
  ]
}