{
  "transcript": "Unter anderem war da der Schatten von Carl Nielsen, dem gro\u00dfen d\u00e4nischen Komponisten.",
  "words": [
    {
      "alignedWord": "<unk>",
      "case": "success",
      "end": 1.1199999999999999,
      "endOffset": 5,
      "phones": [
        {
          "duration": 0.29,
          "phone": "oov_S"
        }
      ],
      "start": 0.83,
      "startOffset": 0,
      "word": "Unter"
    },
    {
      "case": "not-found-in-transcript",
      "end": 1.2899999999999998,
      "phones": [
        {
          "duration": 0.08,
          "phone": "ah_B"
        },
        {
          "duration": 0.08,
          "phone": "m_E"
        }
      ],
      "start": 1.13,
      "word": "um"
    },
    {
      "case": "not-found-in-transcript",
      "end": 1.59,
      "phones": [
        {
          "duration": 0.09,
          "phone": "ah_B"
        },
        {
          "duration": 0.15,
          "phone": "m_E"
        }
      ],
      "start": 1.35,
      "word": "um"
    },
    {
      "alignedWord": "<unk>",
      "case": "success",
      "end": 1.75,
      "endOffset": 13,
      "phones": [
        {
          "duration": 0.16,
          "phone": "oov_S"
        }
      ],
      "start": 1.59,
      "startOffset": 6,
      "word": "anderem"
    },
    {
      "case": "not-found-in-audio",
      "endOffset": 17,
      "startOffset": 14,
      "word": "war"
    },
    {
      "alignedWord": "da",
      "case": "success",
      "end": 1.92,
      "endOffset": 20,
      "phones": [
        {
          "duration": 0.07,
          "phone": "d_B"
        },
        {
          "duration": 0.09,
          "phone": "aa_E"
        }
      ],
      "start": 1.76,
      "startOffset": 18,
      "word": "da"
    },
    {
      "alignedWord": "der",
      "case": "success",
      "end": 1.94,
      "endOffset": 24,
      "phones": [
        {
          "duration": 0.01,
          "phone": "d_B"
        },
        {
          "duration": 0.01,
          "phone": "er_E"
        }
      ],
      "start": 1.92,
      "startOffset": 21,
      "word": "der"
    },
    {
      "alignedWord": "<unk>",
      "case": "success",
      "end": 2.6,
      "endOffset": 33,
      "phones": [
        {
          "duration": 0.66,
          "phone": "oov_S"
        }
      ],
      "start": 1.94,
      "startOffset": 25,
      "word": "Schatten"
    },
    {
      "case": "not-found-in-audio",
      "endOffset": 37,
      "startOffset": 34,
      "word": "von"
    },
    {
      "case": "not-found-in-audio",
      "endOffset": 42,
      "startOffset": 38,
      "word": "Carl"
    },
    {
      "case": "not-found-in-audio",
      "endOffset": 50,
      "startOffset": 43,
      "word": "Nielsen"
    },
    {
      "alignedWord": "<unk>",
      "case": "success",
      "end": 3.59,
      "endOffset": 55,
      "phones": [
        {
          "duration": 0.88,
          "phone": "oov_S"
        }
      ],
      "start": 2.71,
      "startOffset": 52,
      "word": "dem"
    },
    {
      "alignedWord": "<unk>",
      "case": "success",
      "end": 3.7800000000000002,
      "endOffset": 62,
      "phones": [
        {
          "duration": 0.12,
          "phone": "oov_S"
        }
      ],
      "start": 3.66,
      "startOffset": 56,
      "word": "gro\u00dfen"
    },
    {
      "case": "not-found-in-transcript",
      "end": 3.86,
      "phones": [
        {
          "duration": 0.01,
          "phone": "ah_B"
        },
        {
          "duration": 0.07,
          "phone": "m_E"
        }
      ],
      "start": 3.78,
      "word": "um"
    },
    {
      "alignedWord": "<unk>",
      "case": "success",
      "end": 4.81,
      "endOffset": 72,
      "phones": [
        {
          "duration": 0.95,
          "phone": "oov_S"
        }
      ],
      "start": 3.86,
      "startOffset": 63,
      "word": "d\u00e4nischen"
    },
    {
      "alignedWord": "<unk>",
      "case": "success",
      "end": 5.279999999999999,
      "endOffset": 84,
      "phones": [
        {
          "duration": 0.43,
          "phone": "oov_S"
        }
      ],
      "start": 4.85,
      "startOffset": 73,
      "word": "Komponisten"
    },
    {
      "case": "not-found-in-transcript",
      "end": 5.29,
      "phones": [
        {
          "duration": 0.01,
          "phone": "ah_S"
        }
      ],
      "start": 5.28,
      "word": "uh"
    }
  ]
}