{
  "transcript": "The burning fire had been extinguished.",
  "words": [
    {
      "alignedWord": "the",
      "case": "success",
      "end": 0.63,
      "endOffset": 3,
      "phones": [
        {
          "duration": 0.08,
          "phone": "dh_B"
        },
        {
          "duration": 0.07,
          "phone": "ah_E"
        }
      ],
      "start": 0.48,
      "startOffset": 0,
      "word": "The"
    },
    {
      "alignedWord": "burning",
      "case": "success",
      "end": 1.04,
      "endOffset": 11,
      "phones": [
        {
          "duration": 0.08,
          "phone": "b_B"
        },
        {
          "duration": 0.1,
          "phone": "er_I"
        },
        {
          "duration": 0.04,
          "phone": "n_I"
        },
        {
          "duration": 0.08,
          "phone": "ih_I"
        },
        {
          "duration": 0.1,
          "phone": "ng_E"
        }
      ],
      "start": 0.64,
      "startOffset": 4,
      "word": "burning"
    },
    {
      "alignedWord": "fire",
      "case": "success",
      "end": 1.31,
      "endOffset": 16,
      "phones": [
        {
          "duration": 0.13,
          "phone": "f_B"
        },
        {
          "duration": 0.13,
          "phone": "ay_I"
        },
        {
          "duration": 0.01,
          "phone": "er_E"
        }
      ],
      "start": 1.04,
      "startOffset": 12,
      "word": "fire"
    },
    {
      "case": "not-found-in-transcript",
      "end": 1.49,
      "phones": [
        {
          "duration": 0.17,
          "phone": "ah_S"
        }
      ],
      "start": 1.32,
      "word": "uh"
    },
    {
      "alignedWord": "had",
      "case": "success",
      "end": 1.76,
      "endOffset": 20,
      "phones": [
        {
          "duration": 0.1,
          "phone": "hh_B"
        },
        {
          "duration": 0.08,
          "phone": "ae_I"
        },
        {
          "duration": 0.08,
          "phone": "d_E"
        }
      ],
      "start": 1.5,
      "startOffset": 17,
      "word": "had"
    },
    {
      "alignedWord": "been",
      "case": "success",
      "end": 1.97,
      "endOffset": 25,
      "phones": [
        {
          "duration": 0.06,
          "phone": "b_B"
        },
        {
          "duration": 0.07,
          "phone": "ih_I"
        },
        {
          "duration": 0.08,
          "phone": "n_E"
        }
      ],
      "start": 1.76,
      "startOffset": 21,
      "word": "been"
    },
    {
      "alignedWord": "extinguished",
      "case": "success",
      "end": 2.71,
      "endOffset": 38,
      "phones": [
        {
          "duration": 0.1,
          "phone": "ih_B"
        },
        {
          "duration": 0.04,
          "phone": "k_I"
        },
        {
          "duration": 0.1,
          "phone": "s_I"
        },
        {
          "duration": 0.07,
          "phone": "t_I"
        },
        {
          "duration": 0.06,
          "phone": "ih_I"
        },
        {
          "duration": 0.07,
          "phone": "ng_I"
        },
        {
          "duration": 0.03,
          "phone": "g_I"
        },
        {
          "duration": 0.01,
          "phone": "w_I"
        },
        {
          "duration": 0.05,
          "phone": "ih_I"
        },
        {
          "duration": 0.17,
          "phone": "sh_I"
        },
        {
          "duration": 0.03,
          "phone": "t_E"
        }
      ],
      "start": 1.98,
      "startOffset": 26,
      "word": "extinguished"
    },
    {
      "case": "not-found-in-transcript",
      "end": 2.75,
      "phones": [
        {
          "duration": 0.01,
          "phone": "ah_S"
        }
      ],
      "start": 2.74,
      "word": "uh"
    }
  ]
}