{
  "transcript": "The burning fire had been extinguished.",
  "words": [
    {
      "alignedWord": "the",
      "case": "success",
      "end": 0.36,
      "endOffset": 3,
      "phones": [
        {
          "duration": 0.08,
          "phone": "dh_B"
        },
        {
          "duration": 0.12,
          "phone": "ah_E"
        }
      ],
      "start": 0.16,
      "startOffset": 0,
      "word": "The"
    },
    {
      "alignedWord": "burning",
      "case": "success",
      "end": 0.9,
      "endOffset": 11,
      "phones": [
        {
          "duration": 0.1,
          "phone": "b_B"
        },
        {
          "duration": 0.13,
          "phone": "er_I"
        },
        {
          "duration": 0.05,
          "phone": "n_I"
        },
        {
          "duration": 0.1,
          "phone": "ih_I"
        },
        {
          "duration": 0.15,
          "phone": "ng_E"
        }
      ],
      "start": 0.37,
      "startOffset": 4,
      "word": "burning"
    },
    {
      "alignedWord": "fire",
      "case": "success",
      "end": 1.59,
      "endOffset": 16,
      "phones": [
        {
          "duration": 0.16,
          "phone": "f_B"
        },
        {
          "duration": 0.22,
          "phone": "ay_I"
        },
        {
          "duration": 0.3,
          "phone": "er_E"
        }
      ],
      "start": 0.91,
      "startOffset": 12,
      "word": "fire"
    },
    {
      "alignedWord": "had",
      "case": "success",
      "end": 1.98,
      "endOffset": 20,
      "phones": [
        {
          "duration": 0.11,
          "phone": "hh_B"
        },
        {
          "duration": 0.1,
          "phone": "ae_I"
        },
        {
          "duration": 0.08,
          "phone": "d_E"
        }
      ],
      "start": 1.69,
      "startOffset": 17,
      "word": "had"
    },
    {
      "alignedWord": "been",
      "case": "success",
      "end": 2.2199999999999998,
      "endOffset": 25,
      "phones": [
        {
          "duration": 0.07,
          "phone": "b_B"
        },
        {
          "duration": 0.11,
          "phone": "ih_I"
        },
        {
          "duration": 0.06,
          "phone": "n_E"
        }
      ],
      "start": 1.98,
      "startOffset": 21,
      "word": "been"
    },
    {
      "alignedWord": "extinguished",
      "case": "success",
      "end": 3.2300000000000004,
      "endOffset": 38,
      "phones": [
        {
          "duration": 0.08,
          "phone": "ih_B"
        },
        {
          "duration": 0.1,
          "phone": "k_I"
        },
        {
          "duration": 0.08,
          "phone": "s_I"
        },
        {
          "duration": 0.07,
          "phone": "t_I"
        },
        {
          "duration": 0.08,
          "phone": "ih_I"
        },
        {
          "duration": 0.08,
          "phone": "ng_I"
        },
        {
          "duration": 0.07,
          "phone": "g_I"
        },
        {
          "duration": 0.05,
          "phone": "w_I"
        },
        {
          "duration": 0.09,
          "phone": "ih_I"
        },
        {
          "duration": 0.16,
          "phone": "sh_I"
        },
        {
          "duration": 0.15,
          "phone": "t_E"
        }
      ],
      "start": 2.22,
      "startOffset": 26,
      "word": "extinguished"
    }
  ]
}