{
  "transcript": "Gerschler wurde von seinen Gro\u00dfeltern und einer Tante erzogen.",
  "words": [
    {
      "alignedWord": "<unk>",
      "case": "success",
      "end": 1.69,
      "endOffset": 9,
      "phones": [
        {
          "duration": 0.61,
          "phone": "oov_S"
        }
      ],
      "start": 1.08,
      "startOffset": 0,
      "word": "Gerschler"
    },
    {
      "alignedWord": "<unk>",
      "case": "success",
      "end": 2.33,
      "endOffset": 15,
      "phones": [
        {
          "duration": 0.4,
          "phone": "oov_S"
        }
      ],
      "start": 1.93,
      "startOffset": 10,
      "word": "wurde"
    },
    {
      "case": "not-found-in-transcript",
      "end": 2.45,
      "phones": [
        {
          "duration": 0.01,
          "phone": "ah_B"
        },
        {
          "duration": 0.11,
          "phone": "m_E"
        }
      ],
      "start": 2.33,
      "word": "um"
    },
    {
      "alignedWord": "<unk>",
      "case": "success",
      "end": 2.6900000000000004,
      "endOffset": 19,
      "phones": [
        {
          "duration": 0.24,
          "phone": "oov_S"
        }
      ],
      "start": 2.45,
      "startOffset": 16,
      "word": "von"
    },
    {
      "case": "not-found-in-transcript",
      "end": 2.8200000000000003,
      "phones": [
        {
          "duration": 0.01,
          "phone": "ah_B"
        },
        {
          "duration": 0.11,
          "phone": "m_E"
        }
      ],
      "start": 2.7,
      "word": "um"
    },
    {
      "alignedWord": "<unk>",
      "case": "success",
      "end": 3.1399999999999997,
      "endOffset": 26,
      "phones": [
        {
          "duration": 0.32,
          "phone": "oov_S"
        }
      ],
      "start": 2.82,
      "startOffset": 20,
      "word": "seinen"
    },
    {
      "case": "not-found-in-transcript",
      "end": 3.3200000000000003,
      "phones": [
        {
          "duration": 0.14,
          "phone": "ah_S"
        }
      ],
      "start": 3.18,
      "word": "uh"
    },
    {
      "case": "not-found-in-transcript",
      "end": 3.83,
      "phones": [
        {
          "duration": 0.13,
          "phone": "ah_S"
        }
      ],
      "start": 3.7,
      "word": "uh"
    },
    {
      "case": "not-found-in-transcript",
      "end": 4.5,
      "phones": [
        {
          "duration": 0.17,
          "phone": "ah_S"
        }
      ],
      "start": 4.33,
      "word": "uh"
    },
    {
      "alignedWord": "<unk>",
      "case": "success",
      "end": 4.88,
      "endOffset": 37,
      "phones": [
        {
          "duration": 0.31,
          "phone": "oov_S"
        }
      ],
      "start": 4.57,
      "startOffset": 27,
      "word": "Gro\u00dfeltern"
    },
    {
      "alignedWord": "und",
      "case": "success",
      "end": 5.01,
      "endOffset": 41,
      "phones": [
        {
          "duration": 0.01,
          "phone": "ah_B"
        },
        {
          "duration": 0.01,
          "phone": "n_I"
        },
        {
          "duration": 0.11,
          "phone": "d_E"
        }
      ],
      "start": 4.88,
      "startOffset": 38,
      "word": "und"
    },
    {
      "case": "not-found-in-audio",
      "endOffset": 47,
      "startOffset": 42,
      "word": "einer"
    },
    {
      "case": "not-found-in-audio",
      "endOffset": 53,
      "startOffset": 48,
      "word": "Tante"
    },
    {
      "case": "not-found-in-audio",
      "endOffset": 61,
      "startOffset": 54,
      "word": "erzogen"
    }
  ]
}